City_ID,City,Country,Lat,Lng,Max Temp,Humidity,Cloudiness,Wind Speed,Current Description
0,Hobart,AU,-42.8794,147.3294,60.66,55,75,18.41,broken clouds
1,Watsa,CD,3.0372,29.5355,66.88,94,99,2.04,overcast clouds
2,Bredasdorp,ZA,-34.5322,20.0403,73.65,52,0,14.72,clear sky
3,Kushiro,JP,42.975,144.3747,40.64,70,97,6.29,overcast clouds
4,Vaini,TO,-21.2,-175.2,78.96,89,75,6.91,broken clouds
5,Togul,RU,53.465,85.9128,-5.75,79,13,0.58,few clouds
6,Puerto Ayora,EC,-0.7393,-90.3518,68.56,90,89,4.97,overcast clouds
7,Saldanha,ZA,-33.0117,17.9442,74.75,45,13,0.78,few clouds
8,Micheweni,TZ,-4.9667,39.8333,82.13,71,13,0.69,light rain
9,Mataura,NZ,-46.1927,168.8643,59.49,79,100,3.36,overcast clouds
10,Ushuaia,AR,-54.8,-68.3,56.86,47,0,6.91,clear sky
11,Alice Springs,AU,-23.7,133.8833,81.95,28,40,12.66,scattered clouds
12,Chabahar,IR,25.2919,60.643,81.46,42,6,5.03,clear sky
13,Chuy,UY,-33.6971,-53.4616,64.65,98,40,6.64,scattered clouds
14,Ahome,MX,25.9167,-109.1833,60.82,63,0,5.53,clear sky
15,Cape Town,ZA,-33.9258,18.4232,81.12,54,22,4.32,few clouds
16,Kiruna,SE,67.8557,20.2251,27.52,86,100,21.85,overcast clouds
17,Ndago,TZ,-4.6,34.35,76.41,46,48,4.25,scattered clouds
18,Sao Felix Do Xingu,BR,-6.6447,-51.995,70.21,99,99,0.83,overcast clouds
19,Severo-Yeniseyskiy,RU,60.3725,93.0408,-9.76,94,100,4.63,overcast clouds
20,East London,ZA,-33.0153,27.9116,68.63,75,92,14.76,light rain
21,Ixtapa,MX,20.7,-105.2,69.22,85,6,3.11,clear sky
22,Maragogi,BR,-9.0122,-35.2225,75.27,87,97,6.13,overcast clouds
23,Castro,BR,-24.7911,-50.0119,58.73,97,100,8.52,overcast clouds
24,Victoria,HK,22.2855,114.1577,84.25,87,9,8.68,clear sky
25,Butaritari,KI,3.0707,172.7902,81.52,73,37,7.99,scattered clouds
26,La Fria,VE,8.2203,-72.2439,72.52,98,100,2.21,overcast clouds
27,Bethel,US,41.3712,-73.414,52.66,79,75,6.91,broken clouds
28,Saint George,US,37.1041,-113.5841,38.79,52,0,4.61,clear sky
29,Severo-Kurilsk,RU,50.6789,156.125,30.67,80,86,38.18,light snow
30,La Ronge,CA,55.1001,-105.2842,20.1,91,100,11.56,light snow
31,Qaanaaq,GL,77.484,-69.3632,-7.51,75,93,6.02,overcast clouds
32,Wahiawa,US,21.5028,-158.0236,73.76,66,100,0.0,overcast clouds
33,Innisfail,AU,-17.5333,146.0333,79.23,83,94,3.06,light rain
34,Ponta Do Sol,PT,32.6667,-17.1,69.01,78,60,7.85,broken clouds
35,Lebanon,US,36.2081,-86.2911,48.54,94,100,6.91,mist
36,Haines Junction,CA,60.7522,-137.5108,1.8,96,97,3.67,overcast clouds
37,Kargasok,RU,59.0556,80.8572,-0.56,82,100,9.22,overcast clouds
38,Busselton,AU,-33.65,115.3333,75.92,43,0,13.67,clear sky
39,Cidreira,BR,-30.1811,-50.2056,69.1,87,1,13.85,clear sky
40,Yellowknife,CA,62.456,-114.3525,3.56,77,99,18.01,overcast clouds
41,Upernavik,GL,72.7868,-56.1549,13.01,86,98,6.76,overcast clouds
42,Bambous Virieux,MU,-20.3428,57.7575,81.21,61,40,12.66,scattered clouds
43,Atuona,PF,-9.8,-139.0333,77.83,76,2,12.41,clear sky
44,Miramar,US,25.9873,-80.2323,75.99,93,0,5.75,clear sky
45,Sao Joao Da Barra,BR,-21.6403,-41.0511,73.22,93,100,17.25,overcast clouds
46,Vanimo,PG,-2.6741,141.3028,83.21,79,12,6.82,few clouds
47,Saskylakh,RU,71.9167,114.0833,-30.35,100,100,2.86,overcast clouds
48,Albany,US,42.6001,-73.9662,50.65,84,70,1.01,broken clouds
49,Georgetown,MY,5.4112,100.3354,87.73,73,20,10.36,few clouds
50,Rikitea,PF,-23.1203,-134.9692,74.91,79,4,6.62,clear sky
51,Cortez,US,37.3489,-108.5859,29.7,73,0,0.0,clear sky
52,Rochester,US,43.1548,-77.6156,41.09,94,100,13.8,light rain
53,Chara,RU,56.9064,118.2631,-12.19,95,100,2.13,overcast clouds
54,Mulchen,CL,-37.7167,-72.2333,57.2,88,0,0.63,clear sky
55,Chapais,CA,49.7834,-74.8492,19.87,95,100,6.98,overcast clouds
56,Ribeira Grande,PT,38.5167,-28.7,67.77,93,100,25.99,overcast clouds
57,Hilo,US,19.7297,-155.09,72.25,91,0,0.0,clear sky
58,Thompson,CA,55.7435,-97.8558,14.81,93,100,11.39,overcast clouds
59,Westport,US,41.1415,-73.3579,55.38,79,0,8.99,clear sky
60,Hermanus,ZA,-34.4187,19.2345,74.8,57,21,14.0,few clouds
61,Nikolskoye,RU,59.7035,30.7861,23.92,88,100,6.02,overcast clouds
62,Henties Bay,NA,-22.116,14.2845,60.3,74,0,3.53,clear sky
63,Dikson,RU,73.5069,80.5464,2.62,100,93,4.97,overcast clouds
64,Torbay,CA,47.6666,-52.7314,39.58,97,100,14.97,light intensity drizzle
65,Bathsheba,BB,13.2167,-59.5167,79.41,73,40,20.71,scattered clouds
66,Bluff,NZ,-46.6,168.3333,59.81,71,100,9.26,overcast clouds
67,Port Alfred,ZA,-33.5906,26.891,71.19,77,59,8.99,broken clouds
68,Whitecourt,CA,54.1502,-115.6855,11.01,69,100,14.05,overcast clouds
69,Vila Franca Do Campo,PT,37.7167,-25.4333,67.19,91,100,18.32,overcast clouds
70,Airai,TL,-8.9266,125.4092,70.2,75,100,2.21,moderate rain
71,Velyka Bahachka,UA,49.7912,33.7226,38.57,97,100,4.85,overcast clouds
72,Punta Arenas,CL,-53.15,-70.9167,50.11,76,100,6.91,overcast clouds
73,Nome,US,64.5011,-165.4064,10.47,68,0,8.05,clear sky
74,Kapaa,US,22.0752,-159.319,71.58,89,0,5.75,clear sky
75,Bukachacha,RU,52.9833,116.9167,-0.42,74,100,3.96,overcast clouds
76,Lavrentiya,RU,65.5833,-171.0,10.72,96,92,4.63,overcast clouds
77,Khatanga,RU,71.9667,102.5,-26.21,100,97,3.36,overcast clouds
78,Tazovskiy,RU,67.4667,78.7,9.86,95,100,10.2,overcast clouds
79,Naze,JP,28.3667,129.4833,71.37,79,73,18.07,broken clouds
80,Tromso,NO,69.6496,18.957,33.39,86,0,2.3,clear sky
81,Biloela,AU,-24.4167,150.5,78.15,65,100,9.48,overcast clouds
82,Tripoli,LY,32.8752,13.1875,66.34,71,95,21.14,light rain
83,Tuktoyaktuk,CA,69.4541,-133.0374,-3.78,96,100,9.42,overcast clouds
84,Mandera,KE,3.9366,41.867,84.0,56,91,7.9,light rain
85,Cherskiy,RU,68.75,161.3,-9.02,96,100,5.59,overcast clouds
86,Ahipara,NZ,-35.1667,173.1667,58.84,73,2,4.09,clear sky
87,New Norfolk,AU,-42.7826,147.0587,60.3,63,100,5.99,overcast clouds
88,Kaitangata,NZ,-46.2817,169.8464,55.26,81,100,5.12,light rain
89,Luderitz,NA,-26.6481,15.1594,63.81,73,34,8.16,scattered clouds
90,Quelimane,MZ,-17.8786,36.8883,86.77,52,96,9.82,overcast clouds
91,Birao,CF,10.2849,22.7882,81.64,21,13,5.1,few clouds
92,Port Hardy,CA,50.6996,-127.4199,37.42,76,24,5.37,few clouds
93,Fortuna,US,40.5982,-124.1573,48.97,93,96,1.23,overcast clouds
94,Dingle,PH,10.9995,122.6711,83.8,79,100,10.89,overcast clouds
95,Nizhniy Baskunchak,RU,48.2198,46.8311,33.37,34,71,12.41,broken clouds
96,Potsdam,DE,52.3989,13.0657,40.08,93,100,5.01,overcast clouds
97,Sao Filipe,CV,14.8961,-24.4956,75.54,60,0,13.8,clear sky
98,Pisco,PE,-13.7,-76.2167,68.05,83,100,9.22,overcast clouds
99,Jamestown,US,42.097,-79.2353,39.02,80,100,13.8,overcast clouds
100,Soe,ID,-9.8607,124.284,75.0,78,100,4.45,light rain
101,Lagoa,PT,39.05,-27.9833,65.68,89,100,32.12,overcast clouds
102,Alice,US,27.7523,-98.0697,59.56,100,100,3.44,fog
103,Tsagan Aman,RU,47.5639,46.7218,35.38,36,100,10.29,overcast clouds
104,Wolnzach,DE,48.6038,11.6257,35.49,93,75,2.3,broken clouds
105,Itoman,JP,26.1247,127.6694,79.18,78,20,14.97,few clouds
106,Avarua,CK,-21.2078,-159.775,75.25,83,100,9.22,overcast clouds
107,Atar,MR,20.5169,-13.0499,65.82,32,0,10.67,clear sky
108,Yoichi,JP,43.2039,140.7703,42.78,81,100,2.44,overcast clouds
109,Mar Del Plata,AR,-38.0023,-57.5575,66.22,99,100,14.0,light intensity drizzle
110,Esperance,AU,-33.8667,121.9,63.07,60,0,14.2,clear sky
111,Tuatapere,NZ,-46.1333,167.6833,54.9,68,100,8.66,overcast clouds
112,Barrow,US,71.2906,-156.7887,-14.78,84,0,16.11,haze
113,Sinnamary,GF,5.3833,-52.95,77.94,86,100,8.25,overcast clouds
114,Erzin,TR,36.9559,36.2,60.46,53,13,6.02,few clouds
115,Santa Rosa,PH,14.3122,121.1114,88.11,73,67,12.21,broken clouds
116,The Valley,AI,18.217,-63.0578,79.83,69,18,17.47,few clouds
117,Mount Isa,AU,-20.7333,139.5,76.77,83,75,10.36,light intensity shower rain
118,College,US,64.8569,-147.8028,8.55,81,100,4.61,light snow
119,Roald,NO,62.5833,6.1333,52.72,76,40,5.75,scattered clouds
120,Sambava,MG,-14.2667,50.1667,80.19,62,41,10.51,scattered clouds
121,Batagay,RU,67.6333,134.6333,-41.03,98,87,2.89,overcast clouds
122,Kuusamo,FI,65.9667,29.1833,17.64,93,100,4.61,overcast clouds
123,Mopti,ML,14.6667,-4.0,72.57,16,100,5.44,overcast clouds
124,Kruisfontein,ZA,-34.0033,24.7314,73.89,52,49,18.79,scattered clouds
125,Hithadhoo,MV,-0.6,73.0833,80.83,76,54,6.82,broken clouds
126,Beira,MZ,-19.8436,34.8389,76.95,80,100,6.62,overcast clouds
127,Yumen,CN,40.2833,97.2,5.31,60,100,14.03,overcast clouds
128,Kattivakkam,IN,13.2167,80.3167,86.09,71,37,9.69,scattered clouds
129,Marsaxlokk,MT,35.8419,14.5431,61.41,72,40,10.36,scattered clouds
130,Petropavlovsk-Kamchatskiy,RU,53.0452,158.6483,30.79,74,75,6.71,broken clouds
131,Bubaque,GW,11.2833,-15.8333,79.81,52,100,6.26,overcast clouds
132,Rehnan,IR,32.6846,51.6013,49.51,39,7,0.47,clear sky
133,Nelson Bay,AU,-32.7167,152.15,73.09,78,58,8.99,broken clouds
134,Dwarka,IN,22.2394,68.9678,81.72,36,0,7.02,clear sky
135,Shkoder,AL,42.0683,19.5126,47.95,60,1,5.1,clear sky
136,Hasaki,JP,35.7333,140.8333,57.6,69,100,14.38,overcast clouds
137,Codrington,AU,-38.2667,141.9667,59.16,73,42,21.05,scattered clouds
138,Wilmington,US,34.2257,-77.9447,62.51,66,0,11.5,clear sky
139,Havre-Saint-Pierre,CA,50.2334,-63.5986,30.2,100,100,8.05,overcast clouds
140,Sitka,US,57.0531,-135.33,28.29,80,0,3.44,clear sky
141,Prince Rupert,CA,54.3161,-130.3201,37.09,78,0,11.5,clear sky
142,Haimen,CN,23.1935,116.6142,75.09,87,74,6.11,broken clouds
143,Port-Cartier,CA,50.0334,-66.8654,31.68,85,100,6.6,overcast clouds
144,Nanortalik,GL,60.1432,-45.2371,32.54,79,100,11.95,overcast clouds
145,Geraldton,AU,-28.7667,114.6,84.61,39,0,21.85,clear sky
146,Kodiak,US,57.79,-152.4072,29.71,69,100,4.61,overcast clouds
147,Bandarbeyla,SO,9.4942,50.8122,81.79,61,100,18.03,overcast clouds
148,Denia,ES,38.8408,0.1057,60.39,61,6,14.0,clear sky
149,Tiksi,RU,71.6872,128.8694,-29.0,99,69,6.58,broken clouds
150,Saint-Philippe,RE,-21.3585,55.7679,81.1,71,100,11.65,overcast clouds
151,Lompoc,US,34.6391,-120.4579,51.53,89,100,0.0,overcast clouds
152,Mayo,US,38.8876,-76.5119,53.11,93,100,3.44,mist
153,Chokurdakh,RU,70.6333,147.9167,-42.72,100,83,1.34,broken clouds
154,Kampong Thum,KH,12.7111,104.8887,88.34,61,60,6.73,broken clouds
155,Zhigansk,RU,66.7697,123.3711,-29.24,97,100,10.22,overcast clouds
156,Casa Nova,BR,-9.4167,-41.1333,77.23,72,100,1.83,light rain
157,Dayong,CN,25.0209,118.2898,83.79,64,26,7.45,scattered clouds
158,Havoysund,NO,70.9963,24.6622,35.83,85,50,8.37,scattered clouds
159,Hauterive,FR,46.0901,3.4459,50.76,91,100,9.66,light rain
160,Selfoss,IS,63.9331,-20.9971,34.05,71,6,9.13,clear sky
161,Miri,MY,4.4148,114.0089,87.94,70,40,8.05,scattered clouds
162,Hokitika,NZ,-42.7167,170.9667,55.85,69,45,4.14,scattered clouds
163,Lazaro Cardenas,MX,17.9583,-102.2,73.92,86,100,4.09,overcast clouds
164,Morros,BR,-9.4467,-46.3003,70.97,91,100,4.85,overcast clouds
165,Port Elizabeth,ZA,-33.918,25.5701,76.1,75,11,3.0,few clouds
166,Hami,CN,42.8,93.45,17.8,20,46,2.15,scattered clouds
167,Gunnedah,AU,-30.9833,150.25,82.99,25,0,13.56,light rain
168,Alihe,CN,50.5667,123.7167,8.56,91,100,1.74,overcast clouds
169,Goba,ET,7.0167,39.9833,57.18,60,51,4.81,broken clouds
170,Bud,US,39.447,-86.1758,42.82,94,100,7.49,overcast clouds
171,Mount Gambier,AU,-37.8333,140.7667,59.16,67,33,14.16,scattered clouds
172,Vengurla,IN,15.8667,73.6333,86.25,59,27,7.87,scattered clouds
173,Pangnirtung,CA,66.1451,-65.7125,7.11,77,100,4.54,overcast clouds
174,Teya,RU,60.3778,92.6267,-5.66,94,100,3.89,overcast clouds
175,Dhankuta,NP,26.9833,87.3333,67.71,46,0,5.95,clear sky
176,Wagga Wagga,AU,-35.1167,147.3667,70.84,43,29,12.46,scattered clouds
177,Khor,RU,47.8861,134.9464,16.81,81,100,2.48,overcast clouds
178,Honiara,SB,-9.4333,159.95,81.88,82,38,4.32,scattered clouds
179,San Matias,BO,-16.3667,-58.4,73.47,42,0,2.89,clear sky
180,Narsaq,GL,60.9167,-46.05,26.82,76,100,9.82,overcast clouds
181,Pokhara,NP,28.2333,83.9833,71.64,49,0,6.53,clear sky
182,Otradnoye,RU,59.7775,30.8181,24.85,88,100,6.02,overcast clouds
183,Nouakchott,MR,18.0858,-15.9785,62.53,29,0,11.77,clear sky
184,Shenjiamen,CN,29.9576,122.298,66.15,94,100,19.71,heavy intensity rain
185,Ostrovnoy,RU,68.0531,39.5131,25.72,88,100,18.12,overcast clouds
186,Gornopravdinsk,RU,60.05,69.9,0.23,83,100,7.2,overcast clouds
187,Barreirinha,BR,-2.7933,-57.07,73.56,97,89,1.7,overcast clouds
188,Udachnyy,RU,66.4167,112.4,-11.56,75,98,4.9,overcast clouds
189,Aksha,RU,50.2814,113.2867,-5.37,65,100,16.8,overcast clouds
190,Prieska,ZA,-29.6641,22.7474,80.46,35,3,16.35,clear sky
191,Yaqui,MX,27.3667,-110.1667,61.5,56,0,4.7,clear sky
192,Mackay,AU,-21.15,149.2,79.54,80,100,7.23,overcast clouds
193,Bosaso,SO,11.2842,49.1816,82.44,54,29,9.93,scattered clouds
194,Labuhan,ID,-6.8844,112.2051,83.86,71,100,0.69,light rain
195,Haverfordwest,GB,51.8017,-4.9691,45.05,93,59,8.93,light rain
196,Bilibino,RU,68.0546,166.4372,-2.06,94,100,3.22,overcast clouds
197,Kota,IN,25.1833,75.8333,79.2,23,0,3.78,clear sky
198,Dali,CN,25.7,100.1833,65.1,27,5,8.9,clear sky
199,Arraial Do Cabo,BR,-22.9661,-42.0278,72.66,92,100,18.54,overcast clouds
200,El Tarra,CO,8.5756,-73.0949,73.04,99,100,0.58,overcast clouds
201,Deputatskiy,RU,69.3,139.9,-35.0,95,55,4.16,broken clouds
202,Brae,GB,60.3964,-1.353,48.74,87,45,16.58,scattered clouds
203,Antalaha,MG,-14.9003,50.2788,81.77,57,65,7.9,broken clouds
204,High Level,CA,58.5169,-117.136,12.31,79,100,13.8,overcast clouds
205,San Luis,AR,-33.295,-66.3356,77.25,28,100,11.45,overcast clouds
206,Vostok,RU,46.4856,135.8833,14.02,94,100,1.97,overcast clouds
207,Vicuna,CL,-30.0319,-70.7081,53.33,66,0,0.13,clear sky
208,Koumac,NC,-20.5667,164.2833,81.09,73,45,4.85,scattered clouds
209,Grants,US,35.1473,-107.8514,17.83,67,0,4.61,clear sky
210,Turayf,SA,31.6725,38.6637,53.85,76,100,25.32,sand
211,Meulaboh,ID,4.1363,96.1285,84.52,65,100,7.02,overcast clouds
212,Port Lincoln,AU,-34.7333,135.8667,62.37,61,23,16.26,few clouds
213,Eagle Pass,US,28.7091,-100.4995,51.28,77,0,5.7,clear sky
214,Mikhaylovka,RU,50.06,43.2379,30.96,51,100,12.71,overcast clouds
215,Rawson,AR,-43.3002,-65.1023,65.43,81,90,17.18,overcast clouds
216,Hamilton,US,39.1834,-84.5333,44.44,89,75,6.91,mist
217,Fuxin,CN,42.0156,121.6589,31.95,47,80,11.14,broken clouds
218,Murgab,TM,37.4966,61.9714,55.27,50,0,10.22,clear sky
219,Souillac,MU,-20.5167,57.5167,80.98,61,40,12.66,scattered clouds
220,Carnarvon,AU,-24.8667,113.6333,82.98,50,0,18.23,clear sky
221,Sucha Beskidzka,PL,49.7419,19.5943,34.41,90,12,2.98,few clouds
222,Vestmannaeyjar,IS,63.4427,-20.2734,37.33,69,3,22.21,clear sky
223,Knysna,ZA,-34.0363,23.0471,76.48,48,0,8.03,clear sky
224,Lebu,CL,-37.6167,-73.65,53.96,94,8,5.26,clear sky
225,Aklavik,CA,68.2191,-135.0107,-14.8,97,100,2.66,overcast clouds
226,Cabo San Lucas,MX,22.8909,-109.9124,71.51,63,0,5.99,clear sky
227,Bozdar,PK,27.1828,68.636,82.85,11,6,3.22,clear sky
228,Kondinskoye,RU,59.6481,67.41,-1.43,84,100,8.52,overcast clouds
229,Ishigaki,JP,24.3448,124.1572,82.53,78,40,10.36,scattered clouds
230,Faanui,PF,-16.4833,-151.75,79.48,72,84,12.19,broken clouds
231,Neuquen,AR,-38.9516,-68.0591,71.49,68,0,6.91,clear sky
232,Mucurapo,TT,10.6667,-61.5333,76.24,91,100,8.79,light rain
233,Clifton,US,40.8584,-74.1638,54.82,81,0,13.8,clear sky
234,Alindao,CF,5.0267,21.2088,79.16,67,89,4.09,overcast clouds
235,Pevek,RU,69.7008,170.3133,-0.31,84,100,3.65,overcast clouds
236,Dzaoudzi,YT,-12.7887,45.2699,85.89,66,75,16.11,broken clouds
237,Alta Floresta,BR,-9.8756,-56.0861,69.76,99,100,3.31,overcast clouds
238,Gorin,RU,51.1983,136.6669,9.79,93,9,4.14,clear sky
239,Lecce,IT,40.2167,18.1667,48.67,100,20,5.75,few clouds
240,Karratha,AU,-20.7377,116.8463,91.0,39,7,18.01,clear sky
241,Zabid,YE,14.1951,43.3152,85.35,44,0,3.58,clear sky
242,Nouadhibou,MR,20.931,-17.0347,69.49,54,0,14.63,clear sky
243,Dongobesh,TZ,-4.0667,35.3833,68.65,56,91,7.07,overcast clouds
244,Yeppoon,AU,-23.1333,150.7333,83.98,73,100,9.22,overcast clouds
245,Dalbandin,PK,28.8947,64.4101,70.99,14,2,6.02,clear sky
246,Adrar,MR,20.5022,-10.0711,61.47,30,0,11.83,clear sky
247,Camana,PE,-16.6228,-72.7111,67.21,81,100,2.77,overcast clouds
248,Alexandria,EG,31.2156,29.9553,64.4,65,100,5.66,overcast clouds
249,Puerto Leguizamo,CO,-0.1934,-74.7819,70.54,99,100,1.83,overcast clouds
250,Laguna,US,38.421,-121.4238,54.09,76,0,8.05,clear sky
251,Hope,US,33.6671,-93.5916,53.65,93,4,3.2,clear sky
252,Taoudenni,ML,22.6783,-3.9836,61.68,23,45,11.63,scattered clouds
253,Aykhal,RU,66.0,111.5,-11.18,99,100,5.55,overcast clouds
254,Kirakira,SB,-10.4544,161.9205,81.91,79,98,8.03,heavy intensity rain
255,Nantucket,US,41.2835,-70.0995,57.34,91,0,23.02,clear sky
256,Kavaratti,IN,10.5669,72.642,81.54,69,29,6.58,scattered clouds
257,Sao Miguel Do Araguaia,BR,-13.275,-50.1628,70.11,94,96,4.54,moderate rain
258,Flinders,AU,-34.5833,150.8552,69.19,75,33,4.0,scattered clouds
259,Tura,IN,25.5198,90.2201,77.65,39,0,2.33,clear sky
260,Ancud,CL,-41.8697,-73.8203,52.88,89,88,1.61,overcast clouds
261,Calama,CL,-22.4667,-68.9333,52.29,40,0,14.97,clear sky
262,Burnie,AU,-41.0667,145.9167,58.95,66,100,16.91,light rain
263,Mount Hagen,PG,-5.8581,144.2274,72.36,68,40,11.5,haze
264,Pitimbu,BR,-7.4706,-34.8086,75.79,81,62,7.9,broken clouds
265,Seminole,US,28.7086,-81.2081,72.05,82,75,8.05,broken clouds
266,Pouebo,NC,-20.4,164.5667,80.28,73,71,6.69,broken clouds
267,Payo,ID,-3.7508,103.6372,89.2,55,100,3.22,overcast clouds
268,Christchurch,NZ,-43.5333,172.6333,59.92,71,17,17.27,few clouds
269,Maebaru,JP,33.55,130.2,74.88,55,100,4.27,overcast clouds
270,Yarmouth,US,41.7057,-70.2286,56.98,93,0,13.8,clear sky
271,Baculin,PH,7.4525,126.5842,84.24,73,100,8.14,overcast clouds
272,Luau,AO,-10.7073,22.2247,64.17,96,100,1.3,overcast clouds
273,Moose Factory,CA,51.2585,-80.6094,23.0,93,100,4.61,overcast clouds
274,Mehamn,NO,71.0357,27.8492,30.11,93,72,6.67,broken clouds
275,Muroto,JP,33.2833,134.15,66.56,59,0,7.83,clear sky
276,Japura,ID,-0.3167,102.35,91.04,55,95,2.46,overcast clouds
277,Sale,MA,34.0389,-6.8166,56.75,100,40,0.0,mist
278,Kitimat,CA,54.0524,-128.6534,30.58,30,21,4.23,few clouds
279,Chupa,RU,66.27,33.0549,19.44,94,37,5.66,scattered clouds
280,Longyearbyen,SJ,78.2186,15.6401,33.64,69,0,2.3,clear sky
281,Clyde River,CA,70.4692,-68.5914,-14.57,70,0,9.22,clear sky
282,Seoul,KR,37.5683,126.9778,56.77,94,100,2.3,moderate rain
283,Lincolnton,US,35.4737,-81.2545,54.61,77,0,1.01,clear sky
284,Emba,KZ,48.8264,58.1442,24.15,36,100,18.45,overcast clouds
285,Sabha,LY,27.0377,14.4283,53.55,70,0,13.35,clear sky
286,Northam,GB,51.0333,-4.2167,45.25,83,99,12.53,light rain
287,Aksu,CN,41.1231,80.2644,30.34,20,0,9.42,clear sky
288,Samarai,PG,-10.6167,150.6667,84.4,71,92,9.44,overcast clouds
289,San Cristobal,VE,7.7669,-72.225,65.61,98,100,2.62,overcast clouds
290,Bheramara,BD,24.0232,88.9925,81.1,35,0,5.39,clear sky
291,Pemba,MZ,-12.974,40.5178,84.9,65,20,14.97,few clouds
292,Nadym,RU,65.5333,72.5167,-2.29,94,47,7.31,scattered clouds
293,Altay,CN,47.8667,88.1167,-3.89,76,0,1.81,clear sky
294,Saint-Georges,GD,12.0564,-61.7485,78.48,89,75,17.27,broken clouds
295,Kargil,IN,34.5667,76.1,28.33,32,0,1.77,clear sky
296,Batsfjord,NO,70.6345,29.7185,30.13,93,20,17.27,few clouds
297,Veisiejai,LT,54.1,23.7,30.07,97,100,4.29,overcast clouds
298,Cairns,AU,-16.9167,145.7667,81.1,84,40,3.44,light rain
299,Kalmunai,LK,7.4167,81.8167,83.84,63,62,8.57,broken clouds
300,Tilichiki,RU,60.4667,166.1,8.67,88,100,14.72,overcast clouds
301,Jacareacanga,BR,-6.2222,-57.7528,70.68,99,51,0.58,broken clouds
302,Santiago De Chuco,PE,-8.15,-78.1833,50.2,83,100,1.21,overcast clouds
303,Gouyave,GD,12.1646,-61.7296,77.77,89,75,17.27,light rain
304,Chunskiy,RU,56.0815,99.6342,-4.56,92,100,12.59,light snow
305,Verkhoyansk,RU,67.5447,133.385,-37.19,99,88,2.08,overcast clouds
306,Kharp,RU,66.8014,65.8081,11.82,89,100,7.9,overcast clouds
307,Eureka,US,40.8021,-124.1637,49.24,94,87,1.32,overcast clouds
308,Nguru,NG,12.8791,10.4526,67.78,26,45,8.86,scattered clouds
309,Merke,KZ,42.8728,73.1786,37.74,47,100,5.68,overcast clouds
310,Tasiilaq,GL,65.6145,-37.6368,24.96,57,9,6.85,clear sky
311,Salekhard,RU,66.53,66.6019,7.79,90,100,6.55,overcast clouds
312,Wahpeton,US,46.2652,-96.6059,29.93,93,0,14.97,clear sky
313,Valparaiso,CL,-33.0393,-71.6273,60.48,100,100,2.3,overcast clouds
314,Lorengau,PG,-2.0226,147.2712,83.64,71,100,6.98,overcast clouds
315,Quirinopolis,BR,-18.4483,-50.4517,73.31,59,14,2.93,few clouds
316,Saint Anthony,US,45.0205,-93.218,28.71,84,0,5.75,clear sky
317,Raisio,FI,60.4859,22.169,33.08,93,100,5.75,overcast clouds
318,Sumbe,AO,-11.2061,13.8437,77.43,79,92,5.66,overcast clouds
319,Shimoda,JP,34.6667,138.95,61.16,87,100,3.6,overcast clouds
320,Fuengirola,ES,36.54,-4.6247,59.85,45,20,14.97,few clouds
321,Tessalit,ML,20.1986,1.0114,65.91,28,100,7.74,overcast clouds
322,Muzhi,RU,65.3667,64.6667,6.53,90,100,5.1,overcast clouds
323,Kavieng,PG,-2.5744,150.7967,84.4,66,88,8.66,overcast clouds
324,Arlit,NE,18.7369,7.3853,69.8,21,100,4.72,overcast clouds
325,San Rafael Del Sur,NI,11.8485,-86.4384,73.99,89,100,3.83,overcast clouds
326,Narasannapeta,IN,18.4167,84.05,80.37,40,22,5.01,few clouds
327,Lima Duarte,BR,-21.8425,-43.7931,64.53,97,98,1.3,overcast clouds
328,Leningradskiy,RU,69.3833,178.4167,2.97,87,100,4.85,overcast clouds
329,Slave Lake,CA,55.2834,-114.769,13.98,79,100,14.97,light snow
330,Kuching,MY,1.55,110.3333,84.13,88,40,5.75,scattered clouds
331,Cayenne,GF,4.9333,-52.3333,73.44,100,100,0.0,mist
332,Huilong,CN,31.8111,121.655,68.94,99,100,2.13,light rain
333,Salalah,OM,17.0151,54.0924,85.98,30,96,2.98,overcast clouds
334,Tamworth,GB,52.634,-1.6959,43.83,96,37,1.99,scattered clouds
335,Lins,BR,-21.6786,-49.7425,65.82,84,29,9.19,scattered clouds
336,Riyadh,SA,24.6877,46.7219,77.14,25,0,5.55,clear sky
337,Kawalu,ID,-7.3817,108.2082,78.51,84,97,4.5,light rain
338,Irondequoit,US,43.2134,-77.5797,41.25,94,100,13.8,mist
339,Abonnema,NG,4.7084,6.7931,77.29,77,100,4.16,overcast clouds
340,Kodinsk,RU,58.6881,99.1844,-6.68,95,100,9.08,light snow
341,Limoux,FR,42.9167,2.1667,45.7,91,100,8.75,light rain
342,Lufilufi,WS,-13.8745,-171.5986,76.78,72,27,17.16,scattered clouds
343,Liaozhong,CN,41.5061,122.7242,31.06,88,100,12.66,overcast clouds
344,Qui Nhon,VN,13.7667,109.2333,82.09,78,23,7.74,few clouds
345,Katsuura,JP,35.1333,140.3,63.09,75,100,13.42,overcast clouds
346,Ruza,RU,55.699,36.1952,24.22,93,100,8.46,overcast clouds
347,Alofi,NU,-19.0595,-169.9187,76.89,78,75,9.22,broken clouds
348,Baoqing,CN,46.3317,132.2111,19.2,75,100,3.65,overcast clouds
349,Mahebourg,MU,-20.4081,57.7,80.89,61,40,12.66,scattered clouds
350,Krasnoselkup,RU,65.7,82.4667,-2.99,98,92,8.05,overcast clouds
351,Itaituba,BR,-4.2761,-55.9836,71.22,96,90,0.2,overcast clouds
352,Caraballeda,VE,10.6112,-66.8522,80.67,91,40,2.3,scattered clouds
353,Kenai,US,60.5544,-151.2583,15.15,79,0,0.0,clear sky
354,Kangaatsiaq,GL,68.3065,-53.4641,18.18,83,100,12.26,overcast clouds
355,Martil,MA,35.6166,-5.2752,60.76,72,20,16.11,few clouds
356,Praia Da Vitoria,PT,38.7333,-27.0667,66.76,94,40,29.89,scattered clouds
357,Garmsar,IR,35.2182,52.3409,60.08,33,49,4.14,scattered clouds
358,Klaksvik,FO,62.2266,-6.589,47.32,88,14,18.28,few clouds
359,Guerrero Negro,MX,27.9769,-114.0611,60.67,74,0,7.09,clear sky
360,Ilulissat,GL,69.2167,-51.1,14.02,73,99,0.0,overcast clouds
361,Kostivere,EE,59.427,25.0962,28.58,88,100,4.61,overcast clouds
362,Margate,GB,51.3813,1.3862,46.69,98,100,9.71,overcast clouds
363,Arman,RU,59.7,150.1667,4.91,99,100,16.96,snow
364,Leon,MX,21.1167,-101.6667,59.04,47,0,1.72,clear sky
365,Tharad,IN,24.3961,71.6267,84.33,14,2,1.61,clear sky
366,Teguise,ES,29.0605,-13.564,66.42,78,20,19.57,few clouds
367,Norman Wells,CA,65.282,-126.8329,-11.16,77,75,5.75,light snow
368,Xai-Xai,MZ,-25.0519,33.6442,75.29,81,100,17.58,light rain
369,Barcelos,PT,41.5388,-8.6151,48.92,83,100,3.0,overcast clouds
370,Turukhansk,RU,65.8167,87.9833,-1.7,97,100,7.18,overcast clouds
371,Kampot,KH,10.6167,104.1833,87.85,73,61,5.21,broken clouds
372,Nagato,JP,34.3833,131.2,66.06,71,33,23.91,scattered clouds
373,Vardo,NO,70.3705,31.1107,30.18,86,0,14.97,clear sky
374,Salto De Agua,MX,17.6167,-92.3667,74.8,95,100,2.17,overcast clouds
375,Horki,BY,54.2861,30.9842,30.51,98,100,7.63,overcast clouds
376,Jumla,NP,29.2747,82.1838,64.49,21,0,6.17,clear sky
377,Dalby,AU,-27.1833,151.2667,81.88,46,99,7.47,overcast clouds
378,Gwanda,ZW,-20.9333,29.0,64.72,92,100,11.43,light rain
379,Vao,NC,-22.6667,167.4833,76.96,84,100,14.52,overcast clouds
380,Pombas,CV,17.1503,-25.0201,71.38,65,11,14.47,few clouds
381,Olinda,BR,-8.0089,-34.8553,78.53,73,75,4.61,broken clouds
382,Coxim,BR,-18.5067,-54.76,72.25,52,1,0.29,clear sky
383,Los Llanos De Aridane,ES,28.6585,-17.9182,65.95,73,75,10.36,broken clouds
384,Pozo Colorado,PY,-23.4923,-58.7972,71.82,78,0,4.68,clear sky
385,Siirt,TR,37.9326,41.9403,42.94,100,29,2.3,scattered clouds
386,Xining,CN,36.6167,101.7667,38.95,24,0,1.12,clear sky
387,Mogadishu,SO,2.0371,45.3438,85.87,74,40,11.5,scattered clouds
388,Vangaindrano,MG,-23.35,47.6,83.43,57,8,10.74,clear sky
389,Tsaratanana,MG,-16.7833,47.65,87.4,29,0,4.68,clear sky
390,Dormidontovka,RU,47.7702,134.9076,16.61,82,100,2.55,overcast clouds
391,Husavik,IS,66.0449,-17.3389,32.36,84,71,9.98,broken clouds
392,Rawlins,US,41.7911,-107.2387,28.35,64,0,20.71,clear sky
393,Touros,BR,-5.1989,-35.4608,77.29,80,100,9.62,overcast clouds
394,Simao,CN,22.7886,100.9748,78.15,41,23,6.2,few clouds
395,Beloha,MG,-25.1667,45.05,88.68,38,63,6.8,broken clouds
396,Svoge,BG,42.9667,23.35,36.72,97,100,3.78,overcast clouds
397,Okhotsk,RU,59.3833,143.3,-1.08,81,83,22.01,broken clouds
398,Santa Monica,US,34.0195,-118.4912,60.06,83,100,3.44,mist
399,Ucluelet,CA,48.9329,-125.5528,37.09,91,10,6.82,clear sky
400,Kenitra,MA,34.261,-6.5802,50.76,84,43,2.39,scattered clouds
401,Monrovia,LR,6.3005,-10.7969,77.49,80,100,2.33,overcast clouds
402,Namatanai,PG,-3.6667,152.4333,83.86,70,8,8.84,light rain
403,Anadyr,RU,64.75,177.4833,23.5,86,40,20.13,scattered clouds
404,Manggar,ID,-2.8833,108.2667,81.07,77,100,3.31,overcast clouds
405,Kamaishi,JP,39.2667,141.8833,48.56,69,5,6.98,clear sky
406,Pobe,BJ,6.9801,2.6649,76.57,82,72,3.18,broken clouds
407,Asau,RO,46.4333,26.4,33.28,94,100,2.93,overcast clouds
408,Chicama,PE,-7.8447,-79.1469,63.14,86,100,3.71,overcast clouds
409,Aitape,PG,-3.1374,142.3475,83.39,77,65,6.08,broken clouds
410,Lom Sak,TH,16.7798,101.2422,93.09,59,40,3.44,scattered clouds
411,Port Keats,AU,-14.25,129.55,85.84,64,46,7.56,scattered clouds
412,Ajaccio,FR,42.0,8.9167,44.65,81,0,3.44,clear sky
413,Sembakung,ID,3.8167,117.25,88.97,58,92,3.33,overcast clouds
414,Anloga,GH,5.7947,0.8973,81.46,77,39,11.95,scattered clouds
415,Acapulco,MX,16.8634,-99.8901,76.82,88,0,0.0,clear sky
416,Dourbali,TD,11.8091,15.8632,74.86,17,79,8.88,broken clouds
417,Fairbanks,US,64.8378,-147.7164,8.56,82,100,4.61,light snow
418,Awbari,LY,26.5921,12.7805,51.73,62,0,13.47,clear sky
419,Tambovka,RU,50.0969,128.0489,-0.02,96,100,3.76,overcast clouds
420,Kutum,SD,14.2,24.6667,70.16,19,100,4.94,overcast clouds
421,Sur,OM,22.5667,59.5289,82.0,51,100,6.17,overcast clouds
422,Horsham,GB,51.064,-0.3272,49.01,93,17,5.1,few clouds
423,Ust-Maya,RU,60.4167,134.5333,-40.43,100,100,0.98,overcast clouds
424,Jiwani,PK,25.05,61.7417,80.8,40,86,2.59,overcast clouds
425,Maniitsoq,GL,65.4167,-52.9,30.99,76,100,17.09,overcast clouds
426,Tonk,IN,26.1667,75.7833,78.98,21,0,3.0,clear sky
427,Vila Velha,BR,-20.3297,-40.2925,73.35,94,100,19.57,mist
428,San Quintin,MX,30.4833,-115.95,57.87,79,96,1.95,overcast clouds
429,Umm Lajj,SA,25.0213,37.2685,78.69,52,100,4.5,overcast clouds
430,Madison,US,34.7334,-86.5667,51.44,83,100,5.75,overcast clouds
431,Baykit,RU,61.67,96.37,-4.83,94,100,5.19,overcast clouds
432,Agirish,RU,61.9247,63.0231,3.9,86,5,2.64,clear sky
433,Lewistown,US,40.5992,-77.5714,55.18,85,100,9.22,overcast clouds
434,Saint-Michel-Des-Saints,CA,46.6834,-73.9159,33.94,97,100,8.55,light snow
435,Lethem,GY,3.3803,-59.7968,74.82,89,100,7.83,overcast clouds
436,Waunakee,US,43.1919,-89.4557,31.08,87,0,0.0,clear sky
437,Pangody,RU,65.85,74.4859,-4.4,96,85,7.11,overcast clouds
438,Shelburne,CA,44.0787,-80.2041,34.25,99,100,13.42,overcast clouds
439,Olds,CA,51.7834,-114.102,10.85,61,100,27.63,overcast clouds
440,Senneterre,CA,48.3835,-77.2328,24.12,90,100,9.15,overcast clouds
441,Thinadhoo,MV,0.5333,72.9333,80.58,74,15,5.91,few clouds
442,Yar-Sale,RU,66.8333,70.8333,2.14,91,96,7.07,overcast clouds
443,Tanout,NE,14.9709,8.8879,65.39,25,23,9.13,few clouds
444,Kaeo,NZ,-35.1,173.7833,64.33,71,0,5.44,clear sky
445,Muros,ES,42.7762,-9.0603,48.69,68,70,14.34,broken clouds
446,Saint-Augustin,CA,51.226,-58.6502,20.93,96,100,4.52,overcast clouds
447,Provideniya,RU,64.3833,-173.3,16.63,94,100,11.54,overcast clouds
448,Jerome,US,42.7241,-114.5186,43.68,61,75,6.91,broken clouds
449,Gallup,US,35.5281,-108.7426,31.01,58,0,5.75,clear sky
450,Hobyo,SO,5.3505,48.5268,83.44,62,100,17.11,overcast clouds
451,Mkushi,ZM,-13.6202,29.3939,69.28,77,100,6.51,overcast clouds
452,Redlands,US,34.0556,-117.1825,59.94,50,0,0.0,clear sky
453,Sabang,ID,5.8933,95.3214,81.66,72,62,3.78,broken clouds
454,Nokaneng,BW,-19.6667,22.2667,77.79,60,1,5.57,clear sky
455,Camacha,PT,33.0833,-16.3333,65.62,77,40,12.66,scattered clouds
456,Manzhouli,CN,49.6,117.4333,1.47,92,100,13.38,overcast clouds
457,Mnogovershinnyy,RU,53.9353,139.9242,6.3,82,80,13.82,broken clouds
458,Caravelas,BR,-17.7125,-39.2481,71.6,98,100,4.16,overcast clouds
459,San Juan,AR,-31.5375,-68.5364,82.6,25,26,14.45,scattered clouds
460,Aswan,EG,24.0934,32.907,73.87,30,100,3.0,overcast clouds
461,Dalvik,IS,65.9702,-18.5286,33.73,85,92,8.48,light snow
462,Yulara,AU,-25.2406,130.9889,87.98,18,10,7.18,clear sky
463,Thiruvananthapuram,IN,8.4833,76.9167,87.78,62,20,4.61,few clouds
464,Coquimbo,CL,-29.9533,-71.3436,60.53,88,100,2.3,overcast clouds
465,Nishihara,JP,26.1842,127.7558,78.46,78,20,11.5,few clouds
466,Turje,HU,46.9837,17.1074,38.91,82,99,9.82,overcast clouds
467,Ilam,NP,26.9167,87.9167,69.04,47,0,6.44,clear sky
468,Copiapo,CL,-27.3667,-70.3333,56.89,75,0,1.48,clear sky
469,Viedma,AR,-40.8135,-62.9967,64.74,76,98,13.13,overcast clouds
470,Ridgecrest,US,35.6225,-117.6709,49.39,42,0,3.36,clear sky
471,Markapur,IN,15.7333,79.2833,83.21,56,15,4.61,few clouds
472,Tabuk,PH,17.4189,121.4443,86.34,61,1,4.97,clear sky
473,Bogatyr,RU,53.4298,49.9455,19.89,62,0,6.71,clear sky
474,Slawno,PL,54.3628,16.6789,35.49,89,42,9.35,scattered clouds
475,San Patricio,US,28.017,-97.5169,64.24,90,0,1.63,clear sky
476,Corralillo,CU,22.9819,-80.5856,72.81,90,100,5.68,moderate rain
477,Portland,US,45.5234,-122.6762,43.75,94,75,6.91,broken clouds
478,Isla Mujeres,MX,21.2311,-86.731,75.25,81,100,8.61,light rain
479,Jinji,CN,23.2281,110.8261,85.8,63,54,10.58,broken clouds
480,Hue,VN,16.4667,107.6,87.91,70,20,6.91,few clouds
481,Tual,ID,-5.6667,132.75,84.51,71,100,11.3,light rain
482,Paamiut,GL,61.994,-49.6678,30.58,76,100,12.39,overcast clouds
483,Whyalla,AU,-33.0333,137.5833,64.24,56,5,20.87,clear sky
484,Hengshan,CN,45.2,130.9167,19.08,89,100,8.01,light snow
485,Tuapse,RU,44.1125,39.0742,51.46,75,12,5.3,few clouds
486,Stralsund,DE,54.3091,13.0818,40.01,80,100,17.56,overcast clouds
487,Iqaluit,CA,63.7506,-68.5145,-6.07,84,100,32.21,light snow
488,Najran,SA,17.4924,44.1277,72.25,36,0,10.45,clear sky
489,Kaputa,ZM,-8.4689,29.6619,73.53,76,100,1.48,light rain
490,Wakkanai,JP,45.4094,141.6739,33.78,64,75,9.22,broken clouds
491,Price,US,39.5994,-110.8107,24.12,63,0,6.91,clear sky
492,Depok,ID,-6.4,106.8186,94.64,49,82,9.06,broken clouds
493,Koltsovo,RU,54.9376,83.1825,-9.63,83,99,4.94,overcast clouds
494,Itu,BR,-23.2642,-47.2992,68.92,86,61,7.94,broken clouds
495,Broken Hill,AU,-31.95,141.4333,72.16,27,0,14.38,clear sky
496,Say,NE,13.1007,2.3689,72.16,19,59,7.05,broken clouds
497,Nushki,PK,29.5542,66.0215,67.35,13,0,4.47,clear sky
498,Puerto Colombia,CO,10.9878,-74.9547,75.29,86,100,8.68,light rain
499,Tonstad,NO,58.6626,6.7169,45.19,96,100,25.48,light rain
500,Antofagasta,CL,-23.65,-70.4,63.68,88,4,1.9,clear sky
501,Avera,US,33.194,-82.5271,51.91,76,0,9.35,clear sky
502,Hofn,IS,64.2539,-15.2082,35.87,89,100,15.59,overcast clouds
503,Poum,NC,-20.2333,164.0167,80.11,79,62,17.65,broken clouds
504,Bengkulu,ID,-3.8004,102.2655,82.94,70,100,7.31,overcast clouds
505,Port Macquarie,AU,-31.4333,152.9167,71.89,75,55,6.82,broken clouds
506,Matagami,CA,49.7502,-77.6328,23.11,80,100,10.36,overcast clouds
507,Calhoun,US,42.2506,-85.0005,39.34,64,100,0.0,overcast clouds
508,Alad,PH,12.6168,122.2475,83.32,74,100,10.6,overcast clouds
509,Buala,SB,-8.145,159.5921,81.93,79,73,4.25,broken clouds
510,Port-Gentil,GA,-0.7193,8.7815,78.76,94,20,3.44,few clouds
511,Nyimba,ZM,-14.5566,30.8149,72.82,77,100,4.68,overcast clouds
512,Grindavik,IS,63.8424,-22.4338,36.07,69,20,8.05,few clouds
513,Buchanan,LR,5.8808,-10.0467,76.8,84,45,3.22,scattered clouds
514,Palauig,PH,15.435,119.9045,84.76,67,9,8.28,clear sky
515,Kazanskoye,RU,55.6448,69.235,-1.07,81,0,7.58,clear sky
516,Pemangkat,ID,1.1667,108.9667,84.33,67,92,7.38,overcast clouds
517,Inhambane,MZ,-23.865,35.3833,75.18,88,75,3.44,broken clouds
518,Yaan,NG,7.3833,8.5667,77.85,65,90,4.59,overcast clouds
519,Zhangjiakou,CN,40.81,114.8794,33.8,15,1,21.68,clear sky
520,Vilyuysk,RU,63.7553,121.6247,-24.92,98,35,4.81,scattered clouds
521,Sioux Lookout,CA,50.1001,-91.917,24.87,74,100,4.61,overcast clouds
522,Sisimiut,GL,66.9395,-53.6735,23.77,73,100,10.04,overcast clouds
523,Marawi,PH,7.9986,124.2928,76.41,84,81,5.26,broken clouds
524,Segezha,RU,63.7415,34.3222,22.24,94,100,6.06,overcast clouds
525,Tabou,CI,4.423,-7.3528,76.42,87,99,6.15,moderate rain
526,Tateyama,JP,34.9833,139.8667,58.1,77,100,11.48,overcast clouds
527,Sulayman,IQ,31.4002,46.2851,71.98,29,72,10.92,broken clouds
528,Malartic,CA,48.1335,-78.1328,24.91,89,100,9.53,overcast clouds
529,Nador,MA,35.174,-2.9287,62.85,67,20,13.8,few clouds
530,Ibra,OM,22.6906,58.5334,82.62,28,93,2.68,overcast clouds
531,Eregli,TR,37.5133,34.0467,45.54,49,16,1.45,few clouds
532,Willowmore,ZA,-33.2926,23.4895,64.36,60,9,13.04,clear sky
533,Carutapera,BR,-1.195,-46.02,76.66,87,32,5.19,scattered clouds
534,Quchan,IR,37.106,58.5095,47.75,64,21,13.31,few clouds
535,Egvekinot,RU,66.3167,-179.1667,2.46,85,33,6.46,scattered clouds
536,Belmonte,BR,-15.8631,-38.8828,74.73,93,100,11.83,light rain
537,Solwezi,ZM,-12.1688,26.3894,64.99,89,100,4.0,overcast clouds
538,Tautira,PF,-17.7333,-149.15,77.38,81,100,14.23,light rain
539,Neiafu,TO,-18.65,-173.9833,80.64,71,100,14.79,overcast clouds
540,Vallecillo,HN,14.5167,-87.4,64.22,94,100,1.81,overcast clouds
541,Tolmachevo,RU,54.9824,82.7363,-9.06,64,0,7.0,clear sky
542,Flin Flon,CA,54.7682,-101.865,18.81,92,100,13.76,light snow
543,Manacapuru,BR,-3.2997,-60.6206,74.39,90,91,2.44,overcast clouds
544,San Carlos De Bariloche,AR,-41.1456,-71.3082,62.35,72,0,9.22,clear sky
545,Road Town,VG,18.4167,-64.6167,77.09,73,22,16.02,few clouds
546,Half Moon Bay,US,37.4636,-122.4286,53.62,83,20,0.0,few clouds
547,Arenillas,ES,41.3471,-2.8462,36.0,88,76,13.76,broken clouds
548,Marquette,US,46.5333,-87.6335,31.82,73,100,2.42,overcast clouds
549,Oktyabrskoye,RU,43.0645,44.7417,41.14,100,100,2.24,overcast clouds
550,Lima,PE,-12.0432,-77.0282,64.65,82,100,8.05,overcast clouds
551,Manta,EC,-0.95,-80.7333,71.38,88,100,11.5,overcast clouds
552,Mastic Beach,US,40.7668,-72.8521,55.6,77,0,8.01,clear sky
553,Sterling,US,39.0062,-77.4286,54.37,97,100,3.44,mist
554,Jijiga,ET,9.35,42.8,71.92,27,49,13.06,scattered clouds
555,Sobolevo,RU,54.4299,31.8996,30.61,97,100,8.34,overcast clouds
556,Kapoeta,SS,4.7717,33.5903,87.15,38,16,17.78,few clouds
557,Gobabis,NA,-22.45,18.9667,78.98,43,0,15.21,clear sky
558,Serenje,ZM,-13.2325,30.2352,70.83,64,100,4.85,light rain
559,Vilcun,CL,-38.65,-72.2333,47.14,93,0,1.34,clear sky
560,Comodoro Rivadavia,AR,-45.8667,-67.5,49.86,93,0,2.3,clear sky
561,Bristol,US,41.8334,-71.1662,55.78,81,3,8.01,clear sky
562,Bambey,SN,14.6955,-16.4493,60.85,17,1,8.75,clear sky
563,Bentong,MY,3.5181,101.9079,88.77,79,70,1.61,broken clouds
564,Pucara,PE,-15.9803,-71.4606,38.79,72,89,4.34,overcast clouds
565,Aguimes,ES,27.9054,-15.4461,66.83,78,20,17.27,few clouds
566,Ust-Nera,RU,64.5667,143.2,-26.25,97,100,2.28,overcast clouds
567,Tucupita,VE,9.0622,-62.051,72.63,100,100,1.3,overcast clouds
568,Gondanglegi,ID,-7.7479,112.0132,79.93,84,100,11.97,light rain
569,Merauke,ID,-8.4667,140.3333,83.01,73,96,8.08,overcast clouds
570,Walvis Bay,NA,-22.9575,14.5053,61.75,67,75,5.75,broken clouds
571,Tiznit,MA,29.5833,-9.5,57.52,36,0,2.3,clear sky
572,Orizona,BR,-17.0314,-48.2958,65.14,92,1,4.43,clear sky
573,Suez,EG,29.9737,32.5263,65.98,46,80,1.36,broken clouds
574,Jega,NG,12.2175,4.3792,68.76,24,56,8.05,broken clouds
575,Sabaudia,IT,41.3003,13.0282,56.48,83,59,6.13,broken clouds
576,Leshan,CN,29.5623,103.7639,70.52,53,58,5.17,broken clouds
577,Bucerias,MX,20.75,-105.3333,69.98,85,5,4.7,clear sky
578,Puerto Penasco,MX,31.3167,-113.5333,64.26,41,100,2.73,overcast clouds
579,Muli,MV,2.9167,73.5667,80.91,67,35,5.03,scattered clouds
580,Tamandare,BR,-8.7597,-35.1047,76.03,86,98,7.18,overcast clouds
581,North Bend,US,43.4065,-124.2243,46.92,93,100,6.91,overcast clouds
582,Beatrice,US,40.2681,-96.747,26.69,80,0,4.61,clear sky
583,Kieta,PG,-6.2167,155.6333,81.46,81,96,6.42,light rain
584,Mizdah,LY,31.4451,12.9801,58.8,78,63,10.51,broken clouds
585,Shangrao,CN,28.4532,117.9686,72.55,84,91,1.1,overcast clouds
586,Misterbianco,IT,37.5341,14.9538,52.38,88,20,4.61,few clouds
587,Tomatlan,MX,19.9333,-105.25,68.13,88,37,2.13,scattered clouds
588,Lakatoro,VU,-16.0999,167.4164,82.35,74,96,8.12,overcast clouds
589,Puerto Narino,CO,-3.7703,-70.3831,70.59,99,99,1.66,light rain
590,Gat,IL,31.61,34.7642,70.79,100,32,1.14,scattered clouds
591,Penzance,GB,50.1186,-5.5371,48.88,73,46,24.96,scattered clouds
592,Makhachkala,RU,42.9764,47.5024,41.02,80,100,8.75,overcast clouds
593,Maku,IR,39.2911,44.4521,45.21,57,20,0.0,few clouds
594,Ambon,ID,-3.6954,128.1814,89.74,62,40,6.91,scattered clouds
595,Bolshoye Murashkino,RU,55.7826,44.7754,9.63,94,31,6.91,scattered clouds
596,Ulaangom,MN,49.9811,92.0667,-2.96,73,5,1.99,clear sky
597,Bozhou,CN,33.8772,115.7703,50.54,72,100,14.92,overcast clouds
598,Middlebury,US,44.0153,-73.1673,43.02,98,100,5.75,mist
599,Jalu,LY,29.0331,21.5482,59.29,49,100,2.98,overcast clouds
600,Rongcheng,CN,30.634,117.8517,62.42,95,100,4.85,light rain
601,Pyaozerskiy,RU,65.8333,31.1667,18.59,94,33,5.46,scattered clouds
602,Odlabari,IN,26.8333,88.6167,80.6,37,0,4.76,clear sky
603,Ballina,AU,-28.8667,153.5667,79.79,92,66,14.58,broken clouds
604,Ayr,GB,55.4627,-4.6339,40.98,93,40,6.91,scattered clouds
605,Coronado,US,32.6859,-117.1831,58.26,89,75,5.99,mist
606,Livingston,GB,55.9029,-3.5226,43.16,87,0,3.44,clear sky
607,Uvat,RU,59.1433,68.8953,1.09,81,100,7.76,overcast clouds
608,Lebowakgomo,ZA,-24.2,29.5,67.1,57,60,8.9,broken clouds
609,Saint-Joseph,RE,-21.3667,55.6167,81.1,69,98,6.38,overcast clouds
610,Chekhov,RU,55.1431,37.4711,25.14,92,100,8.01,overcast clouds
611,Xichang,CN,27.8964,102.2634,67.12,36,0,2.24,clear sky
612,Yanam,IN,16.7333,82.2167,83.95,49,10,5.93,clear sky
613,Wattegama,LK,6.7989,81.4808,87.73,54,81,2.66,broken clouds
614,Kununurra,AU,-15.7667,128.7333,89.58,62,75,9.22,broken clouds
615,Boa Vista,BR,2.8197,-60.6733,75.18,94,75,2.3,broken clouds
616,Yenagoa,NG,4.9247,6.2642,82.62,71,25,3.22,scattered clouds
617,Khovu-Aksy,RU,51.1333,93.6,-10.43,84,28,2.57,scattered clouds
618,Buraydah,SA,26.326,43.975,72.05,23,100,11.9,overcast clouds
619,Joshimath,IN,30.5667,79.5667,66.51,18,31,6.78,scattered clouds
620,Coahuayana,MX,18.7333,-103.6833,71.08,89,67,3.56,broken clouds
621,Oak Ridge,US,36.0104,-84.2696,53.33,65,100,4.61,overcast clouds
622,Almaznyy,RU,48.0448,40.045,33.42,72,100,11.86,overcast clouds
623,Hualmay,PE,-11.0964,-77.6139,65.41,87,65,7.94,broken clouds
624,Jiangkou,CN,25.4872,119.1986,75.81,83,5,9.04,clear sky
625,Sheltozero,RU,61.3667,35.3667,24.04,84,100,9.69,overcast clouds
626,Mahibadhoo,MV,3.7833,72.9667,81.03,69,85,5.14,overcast clouds
627,Imeni Poliny Osipenko,RU,52.4201,136.4853,-0.58,98,13,1.72,few clouds
628,Kirkuk,IQ,35.4681,44.3922,62.96,41,100,2.21,overcast clouds
629,Greece,US,43.2098,-77.6931,41.02,95,100,13.8,light rain
630,Rocha,UY,-34.4833,-54.3333,61.41,99,38,5.17,scattered clouds
631,Kuala Kedah,MY,6.1,100.3,91.38,62,20,4.61,few clouds
632,Tayoltita,MX,24.0833,-105.9333,52.83,25,0,6.93,clear sky
633,Tres Arroyos,AR,-38.3739,-60.2798,63.16,81,81,10.58,broken clouds
634,Cosala,MX,24.4125,-106.6908,56.43,31,0,4.88,clear sky
635,Lumberton,US,34.6182,-79.0086,60.66,72,0,11.5,clear sky
636,Illela,NG,13.7292,5.2975,74.57,19,97,13.35,overcast clouds
637,Rabo De Peixe,PT,37.8,-25.5833,66.27,99,75,13.8,broken clouds
638,Sibolga,ID,1.7427,98.7792,83.28,71,100,3.02,overcast clouds
639,Sonamura,IN,23.4719,91.2664,86.0,53,97,2.93,overcast clouds
640,General Salgado,BR,-20.6483,-50.3606,69.48,71,78,8.59,broken clouds
641,Beringovskiy,RU,63.05,179.3167,27.03,95,100,26.96,snow
642,Sturgis,US,41.7992,-85.4192,40.06,92,100,6.91,overcast clouds
643,Fuyu,CN,45.1833,124.8167,19.74,79,100,8.77,snow
644,Sarkand,KZ,45.41,79.9186,14.52,73,0,3.2,clear sky
645,Itarema,BR,-2.9248,-39.9167,76.15,84,94,8.48,overcast clouds
646,Ban Tak,TH,17.0432,99.0813,84.88,75,99,2.39,overcast clouds
647,Gimli,CA,50.6336,-96.9907,33.82,69,100,24.16,overcast clouds
648,Nuuk,GL,64.1835,-51.7216,29.61,77,100,9.64,overcast clouds
649,Hambantota,LK,6.1241,81.1185,89.94,51,20,3.44,few clouds
650,Moerai,PF,-22.4333,-151.3333,73.98,86,20,20.54,few clouds
651,Robinson,US,31.4677,-97.1147,49.87,92,0,4.61,clear sky
652,Bestobe,KZ,52.4994,73.0975,-4.36,80,3,10.49,clear sky
653,Tara,RU,56.8944,74.371,-2.25,84,78,6.49,broken clouds
